id,name,category,relative_path,info,packs
@ Special Styles/Freestyle,Freestyle,@ Special Styles,data/styles/@ Special Styles/Freestyle.jxs,,
@ Special Styles/Import,Import,@ Special Styles,data/styles/@ Special Styles/Import.jxs,,
@ Special Styles/Intro,Intro,@ Special Styles,data/styles/@ Special Styles/Intro.jxs,,
@ Special Styles/Jamstix Classic,Jamstix Classic,@ Special Styles,data/styles/@ Special Styles/Jamstix Classic.jxs,,
@ Special Styles/Silent,Silent,@ Special Styles,data/styles/@ Special Styles/Silent.jxs,,
@ Special Styles/Stop,Stop,@ Special Styles,data/styles/@ Special Styles/Stop.jxs,,
Afro-Cuban/Cha-cha-cha,Cha-cha-cha,Afro-Cuban,data/styles/Afro-Cuban/Cha-cha-cha.jxs,http://en.wikipedia.org/wiki/Cha-cha-cha_(music),
Afro-Cuban/Custom Latin,Custom Latin,Afro-Cuban,data/styles/Afro-Cuban/Custom Latin.jxs,,
Afro-Cuban/Mambo,Mambo,Afro-Cuban,data/styles/Afro-Cuban/Mambo.jxs,http://en.wikipedia.org/wiki/Mambo,
Afro-Cuban/Mozambique,Mozambique,Afro-Cuban,data/styles/Afro-Cuban/Mozambique.jxs,http://en.wikipedia.org/wiki/Mozambique_%28music%29,
Afro-Cuban/Rumba,Rumba,Afro-Cuban,data/styles/Afro-Cuban/Rumba.jxs,http://en.wikipedia.org/wiki/Rumba,
Afro-Cuban/Salsa,Salsa,Afro-Cuban,data/styles/Afro-Cuban/Salsa.jxs,http://en.wikipedia.org/wiki/Salsa_music,
Afro-Cuban/Songo,Songo,Afro-Cuban,data/styles/Afro-Cuban/Songo.jxs,http://en.wikipedia.org/wiki/Songo_music,
Blues/6/8 Blues,6/8 Blues,Blues,data/styles/Blues/6-8 Blues.jxs,http://en.wikipedia.org/wiki/Blues,
Blues/Blues Shuffle,Blues Shuffle,Blues,data/styles/Blues/Blues Shuffle.jxs,http://en.wikipedia.org/wiki/Blues,
Blues/Bo Diddley,Bo Diddley,Blues,data/styles/Blues/Bo Diddley.jxs,http://en.wikipedia.org/wiki/Bo_Diddley#The_Bo_Diddley_beat,
Blues/Freeway Shuffle,Freeway Shuffle,Blues,data/styles/Blues/Freeway Shuffle.jxs,http://en.wikipedia.org/wiki/Swing_music,
Blues/Purdie Shuffle,Purdie Shuffle,Blues,data/styles/Blues/Purdie Shuffle.jxs,http://en.wikipedia.org/wiki/Blues,
Blues/SiPhi Shuffle,SiPhi Shuffle,Blues,data/styles/Blues/SiPhi Shuffle.jxs,http://en.wikipedia.org/wiki/Swing_music,
Blues/Upbeat Shuffle,Upbeat Shuffle,Blues,data/styles/Blues/Upbeat Shuffle.jxs,http://en.wikipedia.org/wiki/Blues,
BonzoPak/Alert & Aware,Alert & Aware,BonzoPak,data/styles/BonzoPak/Alert & Aware.jxs,http://en.wikipedia.org/wiki/Rock_music,
BonzoPak/All Of My Heart,All Of My Heart,BonzoPak,data/styles/BonzoPak/All Of My Heart.jxs,http://en.wikipedia.org/wiki/Rock_music,
BonzoPak/Creme Cake,Creme Cake,BonzoPak,data/styles/BonzoPak/Creme Cake.jxs,http://en.wikipedia.org/wiki/Rock_music,
BonzoPak/Emigrant Theme,Emigrant Theme,BonzoPak,data/styles/BonzoPak/Emigrant Theme.jxs,http://en.wikipedia.org/wiki/Rock_music,
BonzoPak/Fool In The Snow,Fool In The Snow,BonzoPak,data/styles/BonzoPak/Fool In The Snow.jxs,http://en.wikipedia.org/wiki/Half_time_%28music%29-,
BonzoPak/Gray County Girl,Gray County Girl,BonzoPak,data/styles/BonzoPak/Gray County Girl.jxs,http://en.wikipedia.org/wiki/Rock_music,
BonzoPak/I Can Quit,I Can Quit,BonzoPak,data/styles/BonzoPak/I Can Quit.jxs,http://en.wikipedia.org/wiki/Rock_music,
BonzoPak/Little Bitta Love,Little Bitta Love,BonzoPak,data/styles/BonzoPak/Little Bitta Love.jxs,http://en.wikipedia.org/wiki/Rock_music,
BonzoPak/Staircase,Staircase,BonzoPak,data/styles/BonzoPak/Staircase.jxs,http://en.wikipedia.org/wiki/Rock_music,
BonzoPak/Take It Home,Take It Home,BonzoPak,data/styles/BonzoPak/Take It Home.jxs,http://en.wikipedia.org/wiki/Rock_music,
Brazilian/Baion,Baion,Brazilian,data/styles/Brazilian/Baion.jxs,,
Brazilian/Bossa Nova,Bossa Nova,Brazilian,data/styles/Brazilian/Bossa Nova.jxs,http://en.wikipedia.org/wiki/Bossa_nova,
Brazilian/Modern Samba,Modern Samba,Brazilian,data/styles/Brazilian/Modern Samba.jxs,http://en.wikipedia.org/wiki/Samba,
Brazilian/Samba (Partido),Samba (Partido),Brazilian,data/styles/Brazilian/Samba (Partido).jxs,http://en.wikipedia.org/wiki/Samba,
Brazilian/Samba (Cruzado),Samba (Cruzado),Brazilian,data/styles/Brazilian/Samba Cruzado.jxs,http://en.wikipedia.org/wiki/Samba,
Brazilian/Samba,Samba,Brazilian,data/styles/Brazilian/Samba.jxs,http://en.wikipedia.org/wiki/Samba,
Breakbeat/Amen Break,Amen Break,Breakbeat,data/styles/Breakbeat/Amen Break.jxs,http://en.wikipedia.org/wiki/Amen_break,
Breakbeat/Breakbeat 2Bar,Breakbeat 2Bar,Breakbeat,data/styles/Breakbeat/Breakbeat 2Bar.jxs,http://en.wikipedia.org/wiki/Breakbeat,
Breakbeat/Breakbeat,Breakbeat,Breakbeat,data/styles/Breakbeat/Breakbeat.jxs,http://en.wikipedia.org/wiki/Breakbeat,
Breakbeat/Funky Drummer,Funky Drummer,Breakbeat,data/styles/Breakbeat/Funky Drummer.jxs,http://en.wikipedia.org/wiki/Funky_drummer,
Caribbean/Calypso,Calypso,Caribbean,data/styles/Caribbean/Calypso.jxs,http://en.wikipedia.org/wiki/Calypso_music,
Caribbean/Reggae (1D),Reggae (1D),Caribbean,data/styles/Caribbean/Reggae (One Drop).jxs,http://en.wikipedia.org/wiki/Reggae,
Caribbean/Reggae HT,Reggae HT,Caribbean,data/styles/Caribbean/Reggae HT.jxs,http://en.wikipedia.org/wiki/Reggae,
Caribbean/Reggae,Reggae,Caribbean,data/styles/Caribbean/Reggae.jxs,http://en.wikipedia.org/wiki/Reggae,
Caribbean/Salsa,Salsa,Caribbean,data/styles/Caribbean/Salsa.jxs,http://en.wikipedia.org/wiki/Salsa_music,
Caribbean/Soca,Soca,Caribbean,data/styles/Caribbean/Soca.jxs,,
Country/Country Ballad,Country Ballad,Country,data/styles/Country/Country Ballad.jxs,http://en.wikipedia.org/wiki/Country_music,
Country/Country Rock,Country Rock,Country,data/styles/Country/Country Rock.jxs,http://en.wikipedia.org/wiki/Country_music,
Country/Country Shuffle,Country Shuffle,Country,data/styles/Country/Country Shuffle.jxs,http://en.wikipedia.org/wiki/Country_music,
Country/Country Swing,Country Swing,Country,data/styles/Country/Country Swing.jxs,http://en.wikipedia.org/wiki/Country_music,
Country/Country Waltz,Country Waltz,Country,data/styles/Country/Country Waltz.jxs,http://en.wikipedia.org/wiki/Country_music,
Country/Rockabilly,Rockabilly,Country,data/styles/Country/Rockabilly.jxs,http://en.wikipedia.org/wiki/Country_music,
Country/Trainbeat,Trainbeat,Country,data/styles/Country/Trainbeat.jxs,http://en.wikipedia.org/wiki/Country_music,
Country/Two Step,Two Step,Country,data/styles/Country/Two Step.jxs,http://en.wikipedia.org/wiki/Country_music,
Dark Side/Bricks,Bricks,Dark Side,data/styles/Dark Side/Bricks.jxs,,
Dark Side/Coinage,Coinage,Dark Side,data/styles/Dark Side/Coinage.jxs,,
Dark Side/Hello,Hello,Dark Side,data/styles/Dark Side/Hello.jxs,,
Dark Side/Masonic,Masonic,Dark Side,data/styles/Dark Side/Masonic.jxs,,
Dark Side/Timely,Timely,Dark Side,data/styles/Dark Side/Timely.jxs,,
Dark Side/Tom Trip,Tom Trip,Dark Side,data/styles/Dark Side/Tom Trip.jxs,,
Dark Side/Ultimate Gig,Ultimate Gig,Dark Side,data/styles/Dark Side/Ultimate Gig.jxs,,
Disco/Disco,Disco,Disco,data/styles/Disco/Disco.jxs,http://en.wikipedia.org/wiki/Disco,
Drum & Bass/Drum & Bass,Drum & Bass,Drum & Bass,data/styles/Drum & Bass/Drum & Bass.jxs,http://en.wikipedia.org/wiki/Drum_%26_bass,
Electronic/E-Kustom,E-Kustom,Electronic,data/styles/Electronic/E-Kustom.jxs,http://en.wikipedia.org/wiki/Electronic_dance_music,
Euclid/Backbeat Euclid,Backbeat Euclid,Euclid,data/styles/Euclid/Backbeat Euclid.jxs,,
Euclid/Euclid,Euclid,Euclid,data/styles/Euclid/Euclid.jxs,,
Euclid/Super Euclid,Super Euclid,Euclid,data/styles/Euclid/Super Euclid.jxs,,
Euclid/Tom Euclid,Tom Euclid,Euclid,data/styles/Euclid/Tom Euclid.jxs,,
Funk/6-8 Funk,6-8 Funk,Funk,data/styles/Funk/6-8 Funk.jxs,http://en.wikipedia.org/wiki/Funk,
Funk/Dave Funk,Dave Funk,Funk,data/styles/Funk/Dave Funk.jxs,http://en.wikipedia.org/wiki/Funk,
Funk/Displaced Funk,Displaced Funk,Funk,data/styles/Funk/Displaced Funk.jxs,http://en.wikipedia.org/wiki/Funk,
Funk/Hip Funk,Hip Funk,Funk,data/styles/Funk/Hip Funk.jxs,http://en.wikipedia.org/wiki/Funk,
Funk/Modern Funk,Modern Funk,Funk,data/styles/Funk/Modern Funk.jxs,http://en.wikipedia.org/wiki/Funk,
Funk/No Down,No Down,Funk,data/styles/Funk/No Down.jxs,http://en.wikipedia.org/wiki/Funk,
Funk/R&B Funk,R&B Funk,Funk,data/styles/Funk/R&B Funk.jxs,http://en.wikipedia.org/wiki/Funk,
Funk/Shuffled Funk,Shuffled Funk,Funk,data/styles/Funk/Shuffled Funk.jxs,http://en.wikipedia.org/wiki/Funk,
Funk/Skip Funk,Skip Funk,Funk,data/styles/Funk/Skip Funk.jxs,http://en.wikipedia.org/wiki/Funk,
Funk/Spirit Funk,Spirit Funk,Funk,data/styles/Funk/Spirit Funk.jxs,http://en.wikipedia.org/wiki/Funk,
Funk/Subtle Funk,Subtle Funk,Funk,data/styles/Funk/Subtle Funk.jxs,http://en.wikipedia.org/wiki/Funk,
Gospel/Gospel Shuffle,Gospel Shuffle,Gospel,data/styles/Gospel/Gospel Shuffle.jxs,http://en.wikipedia.org/wiki/Urban_contemporary_gospel,
Gospel/Modern Gospel,Modern Gospel,Gospel,data/styles/Gospel/Modern Gospel.jxs,http://en.wikipedia.org/wiki/Urban_contemporary_gospel,
Gospel/Power Drive,Power Drive,Gospel,data/styles/Gospel/Power Drive.jxs,,
Jamstix 1/Jamstix One,Jamstix One,Jamstix 1,data/styles/Jamstix 1/16th Rock.jxs,,
Jamstix 1/Jamstix One,Jamstix One,Jamstix 1,data/styles/Jamstix 1/8th Rock - More Kick.jxs,,
Jamstix 1/Jamstix One,Jamstix One,Jamstix 1,data/styles/Jamstix 1/A Half Ride.jxs,,
Jamstix 1/Jamstix One,Jamstix One,Jamstix 1,data/styles/Jamstix 1/A Lovely Ride.jxs,,
Jamstix 1/Jamstix One,Jamstix One,Jamstix 1,data/styles/Jamstix 1/A Touch Of March.jxs,,
Jamstix 1/Jamstix One,Jamstix One,Jamstix 1,data/styles/Jamstix 1/A Touch of The Prince.jxs,,
Jamstix 1/Jamstix One,Jamstix One,Jamstix 1,data/styles/Jamstix 1/A touch of waltz.jxs,,
Jamstix 1/Jamstix One,Jamstix One,Jamstix 1,data/styles/Jamstix 1/After the fact.jxs,,
Jamstix 1/Jamstix One,Jamstix One,Jamstix 1,data/styles/Jamstix 1/Against All Rhythms.jxs,,
Jamstix 1/Jamstix One,Jamstix One,Jamstix 1,data/styles/Jamstix 1/Against The Grain.jxs,,
Jamstix 1/Jamstix One,Jamstix One,Jamstix 1,data/styles/Jamstix 1/All In The End.jxs,,
Jamstix 1/Jamstix One,Jamstix One,Jamstix 1,data/styles/Jamstix 1/All snares are late.jxs,,
Jamstix 1/Jamstix One,Jamstix One,Jamstix 1,data/styles/Jamstix 1/Alone In The Light.jxs,,
Jamstix 1/Jamstix One,Jamstix One,Jamstix 1,data/styles/Jamstix 1/Always Late.jxs,,
Jamstix 1/Jamstix One,Jamstix One,Jamstix 1,data/styles/Jamstix 1/Back and forth.jxs,,
Jamstix 1/Jamstix One,Jamstix One,Jamstix 1,data/styles/Jamstix 1/Baiao Samba.jxs,,
Jamstix 1/Jamstix One,Jamstix One,Jamstix 1,data/styles/Jamstix 1/Baiao.jxs,,
Jamstix 1/Jamstix One,Jamstix One,Jamstix 1,data/styles/Jamstix 1/Balladesque.jxs,,
Jamstix 1/Jamstix One,Jamstix One,Jamstix 1,data/styles/Jamstix 1/Basic 68.jxs,,
Jamstix 1/Jamstix One,Jamstix One,Jamstix 1,data/styles/Jamstix 1/Basic InSynched.jxs,,
Jamstix 1/Jamstix One,Jamstix One,Jamstix 1,data/styles/Jamstix 1/Beat Of Wisdom.jxs,,
Jamstix 1/Jamstix One,Jamstix One,Jamstix 1,data/styles/Jamstix 1/Beat The Heat.jxs,,
Jamstix 1/Jamstix One,Jamstix One,Jamstix 1,data/styles/Jamstix 1/Being Bossy.jxs,,
Jamstix 1/Jamstix One,Jamstix One,Jamstix 1,data/styles/Jamstix 1/Blue Green.jxs,,
Jamstix 1/Jamstix One,Jamstix One,Jamstix 1,data/styles/Jamstix 1/Bon Appetit.jxs,,
Jamstix 1/Jamstix One,Jamstix One,Jamstix 1,data/styles/Jamstix 1/Bossy Shuffle.jxs,,
Jamstix 1/Jamstix One,Jamstix One,Jamstix 1,data/styles/Jamstix 1/BP Back-End Swing.jxs,,
Jamstix 1/Jamstix One,Jamstix One,Jamstix 1,data/styles/Jamstix 1/BP Bebop.jxs,,
Jamstix 1/Jamstix One,Jamstix One,Jamstix 1,data/styles/Jamstix 1/BP Big Hat Swing.jxs,,
Jamstix 1/Jamstix One,Jamstix One,Jamstix 1,data/styles/Jamstix 1/BP Early Swing.jxs,,
Jamstix 1/Jamstix One,Jamstix One,Jamstix 1,data/styles/Jamstix 1/BP Fast Blues Shuffle.jxs,,
Jamstix 1/Jamstix One,Jamstix One,Jamstix 1,data/styles/Jamstix 1/BP Fast Track.jxs,,
Jamstix 1/Jamstix One,Jamstix One,Jamstix 1,data/styles/Jamstix 1/BP Gospel.jxs,,
Jamstix 1/Jamstix One,Jamstix One,Jamstix 1,data/styles/Jamstix 1/BP Half Time Swing Shuffle.jxs,,
Jamstix 1/Jamstix One,Jamstix One,Jamstix 1,data/styles/Jamstix 1/BP Half Time Swing.jxs,,
Jamstix 1/Jamstix One,Jamstix One,Jamstix 1,data/styles/Jamstix 1/BP Light Bebop.jxs,,
Jamstix 1/Jamstix One,Jamstix One,Jamstix 1,data/styles/Jamstix 1/BP Night Train.jxs,,
Jamstix 1/Jamstix One,Jamstix One,Jamstix 1,data/styles/Jamstix 1/BP Rhythm & Blues.jxs,,
Jamstix 1/Jamstix One,Jamstix One,Jamstix 1,data/styles/Jamstix 1/BP Rockabusy.jxs,,
Jamstix 1/Jamstix One,Jamstix One,Jamstix 1,data/styles/Jamstix 1/BP Rockabye.jxs,,
Jamstix 1/Jamstix One,Jamstix One,Jamstix 1,data/styles/Jamstix 1/BP Snare Shuffle.jxs,,
Jamstix 1/Jamstix One,Jamstix One,Jamstix 1,data/styles/Jamstix 1/BP Stomping Ground.jxs,,
Jamstix 1/Jamstix One,Jamstix One,Jamstix 1,data/styles/Jamstix 1/BP Stomping Swing.jxs,,
Jamstix 1/Jamstix One,Jamstix One,Jamstix 1,data/styles/Jamstix 1/BP Swing Thing.jxs,,
Jamstix 1/Jamstix One,Jamstix One,Jamstix 1,data/styles/Jamstix 1/BP Swinging From A Tree.jxs,,
Jamstix 1/Jamstix One,Jamstix One,Jamstix 1,data/styles/Jamstix 1/BP Swinging Hats.jxs,,
Jamstix 1/Jamstix One,Jamstix One,Jamstix 1,data/styles/Jamstix 1/BP Swinging Toms.jxs,,
Jamstix 1/Jamstix One,Jamstix One,Jamstix 1,data/styles/Jamstix 1/BP Universal Fastener.jxs,,
Jamstix 1/Jamstix One,Jamstix One,Jamstix 1,data/styles/Jamstix 1/Break The Bar.jxs,,
Jamstix 1/Jamstix One,Jamstix One,Jamstix 1,data/styles/Jamstix 1/Build-Up.jxs,,
Jamstix 1/Jamstix One,Jamstix One,Jamstix 1,data/styles/Jamstix 1/Bullet-Proof Vest.jxs,,
Jamstix 1/Jamstix One,Jamstix One,Jamstix 1,data/styles/Jamstix 1/Busy 16.jxs,,
Jamstix 1/Jamstix One,Jamstix One,Jamstix 1,data/styles/Jamstix 1/Busy Bee.jxs,,
Jamstix 1/Jamstix One,Jamstix One,Jamstix 1,data/styles/Jamstix 1/Busy Lately.jxs,,
Jamstix 1/Jamstix One,Jamstix One,Jamstix 1,data/styles/Jamstix 1/Busy Train.jxs,,
Jamstix 1/Jamstix One,Jamstix One,Jamstix 1,data/styles/Jamstix 1/Busyness.jxs,,
Jamstix 1/Jamstix One,Jamstix One,Jamstix 1,data/styles/Jamstix 1/Calypso.jxs,,
Jamstix 1/Jamstix One,Jamstix One,Jamstix 1,data/styles/Jamstix 1/Can hurry drums.jxs,,
Jamstix 1/Jamstix One,Jamstix One,Jamstix 1,data/styles/Jamstix 1/Can't wait for four.jxs,,
Jamstix 1/Jamstix One,Jamstix One,Jamstix 1,data/styles/Jamstix 1/Canga Roo.jxs,,
Jamstix 1/Jamstix One,Jamstix One,Jamstix 1,data/styles/Jamstix 1/Capital Soul.jxs,,
Jamstix 1/Jamstix One,Jamstix One,Jamstix 1,data/styles/Jamstix 1/Careful when you step.jxs,,
Jamstix 1/Jamstix One,Jamstix One,Jamstix 1,data/styles/Jamstix 1/Carneval.jxs,,
Jamstix 1/Jamstix One,Jamstix One,Jamstix 1,data/styles/Jamstix 1/Cat With Fast Hat.jxs,,
Jamstix 1/Jamstix One,Jamstix One,Jamstix 1,data/styles/Jamstix 1/Ceremony.jxs,,
Jamstix 1/Jamstix One,Jamstix One,Jamstix 1,data/styles/Jamstix 1/Cha Cha Cha.jxs,,
Jamstix 1/Jamstix One,Jamstix One,Jamstix 1,data/styles/Jamstix 1/Chameleon.jxs,,
Jamstix 1/Jamstix One,Jamstix One,Jamstix 1,data/styles/Jamstix 1/Chaos Theory.jxs,,
Jamstix 1/Jamstix One,Jamstix One,Jamstix 1,data/styles/Jamstix 1/Cherry Pie.jxs,,
Jamstix 1/Jamstix One,Jamstix One,Jamstix 1,data/styles/Jamstix 1/Chris Chardin.jxs,,
Jamstix 1/Jamstix One,Jamstix One,Jamstix 1,data/styles/Jamstix 1/Cities Of Rain.jxs,,
Jamstix 1/Jamstix One,Jamstix One,Jamstix 1,data/styles/Jamstix 1/Clairvoyant.jxs,,
Jamstix 1/Jamstix One,Jamstix One,Jamstix 1,data/styles/Jamstix 1/Clap Your Hands.jxs,,
Jamstix 1/Jamstix One,Jamstix One,Jamstix 1,data/styles/Jamstix 1/Closed Eyes Funk.jxs,,
Jamstix 1/Jamstix One,Jamstix One,Jamstix 1,data/styles/Jamstix 1/Comping Swing.jxs,,
Jamstix 1/Jamstix One,Jamstix One,Jamstix 1,data/styles/Jamstix 1/Cool Funk.jxs,,
Jamstix 1/Jamstix One,Jamstix One,Jamstix 1,data/styles/Jamstix 1/Counter Hat Rock.jxs,,
Jamstix 1/Jamstix One,Jamstix One,Jamstix 1,data/styles/Jamstix 1/Counter Kick.jxs,,
Jamstix 1/Jamstix One,Jamstix One,Jamstix 1,data/styles/Jamstix 1/Countrain.jxs,,
Jamstix 1/Jamstix One,Jamstix One,Jamstix 1,data/styles/Jamstix 1/Cutting Time.jxs,,
Jamstix 1/Jamstix One,Jamstix One,Jamstix 1,data/styles/Jamstix 1/Dance S1R1.jxs,,
Jamstix 1/Jamstix One,Jamstix One,Jamstix 1,data/styles/Jamstix 1/Dance S1R2.jxs,,
Jamstix 1/Jamstix One,Jamstix One,Jamstix 1,data/styles/Jamstix 1/Dance S1R3.jxs,,
Jamstix 1/Jamstix One,Jamstix One,Jamstix 1,data/styles/Jamstix 1/Dance S1R4.jxs,,
Jamstix 1/Jamstix One,Jamstix One,Jamstix 1,data/styles/Jamstix 1/Dance S1R5.jxs,,
Jamstix 1/Jamstix One,Jamstix One,Jamstix 1,data/styles/Jamstix 1/Dancing Sticks.jxs,,
Jamstix 1/Jamstix One,Jamstix One,Jamstix 1,data/styles/Jamstix 1/Dancing With Rubber Bands.jxs,,
Jamstix 1/Jamstix One,Jamstix One,Jamstix 1,data/styles/Jamstix 1/Dancity.jxs,,
Jamstix 1/Jamstix One,Jamstix One,Jamstix 1,data/styles/Jamstix 1/Day Spa.jxs,,
Jamstix 1/Jamstix One,Jamstix One,Jamstix 1,data/styles/Jamstix 1/Dead Nighlights.jxs,,
Jamstix 1/Jamstix One,Jamstix One,Jamstix 1,data/styles/Jamstix 1/Debunk The Funk.jxs,,
Jamstix 1/Jamstix One,Jamstix One,Jamstix 1,data/styles/Jamstix 1/Diagonal.jxs,,
Jamstix 1/Jamstix One,Jamstix One,Jamstix 1,data/styles/Jamstix 1/DigniFire.jxs,,
Jamstix 1/Jamstix One,Jamstix One,Jamstix 1,data/styles/Jamstix 1/Ding Dong.jxs,,
Jamstix 1/Jamstix One,Jamstix One,Jamstix 1,data/styles/Jamstix 1/DiscoTake 16.jxs,,
Jamstix 1/Jamstix One,Jamstix One,Jamstix 1,data/styles/Jamstix 1/DiscoTake.jxs,,
Jamstix 1/Jamstix One,Jamstix One,Jamstix 1,data/styles/Jamstix 1/Disorientation.jxs,,
Jamstix 1/Jamstix One,Jamstix One,Jamstix 1,data/styles/Jamstix 1/Don't step on the cracks.jxs,,
Jamstix 1/Jamstix One,Jamstix One,Jamstix 1,data/styles/Jamstix 1/Double CounterHat.jxs,,
Jamstix 1/Jamstix One,Jamstix One,Jamstix 1,data/styles/Jamstix 1/Double Dum Straight.jxs,,
Jamstix 1/Jamstix One,Jamstix One,Jamstix 1,data/styles/Jamstix 1/Double Hatburger.jxs,,
Jamstix 1/Jamstix One,Jamstix One,Jamstix 1,data/styles/Jamstix 1/Double it Slow.jxs,,
Jamstix 1/Jamstix One,Jamstix One,Jamstix 1,data/styles/Jamstix 1/Double Snareburger.jxs,,
Jamstix 1/Jamstix One,Jamstix One,Jamstix 1,data/styles/Jamstix 1/Double Tap.jxs,,
Jamstix 1/Jamstix One,Jamstix One,Jamstix 1,data/styles/Jamstix 1/Double.jxs,,
Jamstix 1/Jamstix One,Jamstix One,Jamstix 1,data/styles/Jamstix 1/Down It Goes.jxs,,
Jamstix 1/Jamstix One,Jamstix One,Jamstix 1,data/styles/Jamstix 1/Drama Rama.jxs,,
Jamstix 1/Jamstix One,Jamstix One,Jamstix 1,data/styles/Jamstix 1/Dramamine.jxs,,
Jamstix 1/Jamstix One,Jamstix One,Jamstix 1,data/styles/Jamstix 1/Eager Kicks.jxs,,
Jamstix 1/Jamstix One,Jamstix One,Jamstix 1,data/styles/Jamstix 1/Eager to own.jxs,,
Jamstix 1/Jamstix One,Jamstix One,Jamstix 1,data/styles/Jamstix 1/Early Boulevard.jxs,,
Jamstix 1/Jamstix One,Jamstix One,Jamstix 1,data/styles/Jamstix 1/Early Snare Catches The Groove.jxs,,
Jamstix 1/Jamstix One,Jamstix One,Jamstix 1,data/styles/Jamstix 1/Eat Half.jxs,,
Jamstix 1/Jamstix One,Jamstix One,Jamstix 1,data/styles/Jamstix 1/Echo Before Three.jxs,,
Jamstix 1/Jamstix One,Jamstix One,Jamstix 1,data/styles/Jamstix 1/Eightball.jxs,,
Jamstix 1/Jamstix One,Jamstix One,Jamstix 1,data/styles/Jamstix 1/Eighths and Eighths.jxs,,
Jamstix 1/Jamstix One,Jamstix One,Jamstix 1,data/styles/Jamstix 1/Electrical Tape.jxs,,
Jamstix 1/Jamstix One,Jamstix One,Jamstix 1,data/styles/Jamstix 1/Electricity.jxs,,
Jamstix 1/Jamstix One,Jamstix One,Jamstix 1,data/styles/Jamstix 1/ElectroMarch.jxs,,
Jamstix 1/Jamstix One,Jamstix One,Jamstix 1,data/styles/Jamstix 1/EleFunk.jxs,,
Jamstix 1/Jamstix One,Jamstix One,Jamstix 1,data/styles/Jamstix 1/ePhunk.jxs,,
Jamstix 1/Jamstix One,Jamstix One,Jamstix 1,data/styles/Jamstix 1/Espresso Funk.jxs,,
Jamstix 1/Jamstix One,Jamstix One,Jamstix 1,data/styles/Jamstix 1/Everybody hurts.jxs,,
Jamstix 1/Jamstix One,Jamstix One,Jamstix 1,data/styles/Jamstix 1/Evolver.jxs,,
Jamstix 1/Jamstix One,Jamstix One,Jamstix 1,data/styles/Jamstix 1/Exclamation.jxs,,
Jamstix 1/Jamstix One,Jamstix One,Jamstix 1,data/styles/Jamstix 1/Face In The Wind.jxs,,
Jamstix 1/Jamstix One,Jamstix One,Jamstix 1,data/styles/Jamstix 1/Falling Leaves.jxs,,
Jamstix 1/Jamstix One,Jamstix One,Jamstix 1,data/styles/Jamstix 1/FantaFour.jxs,,
Jamstix 1/Jamstix One,Jamstix One,Jamstix 1,data/styles/Jamstix 1/Fast Eddy.jxs,,
Jamstix 1/Jamstix One,Jamstix One,Jamstix 1,data/styles/Jamstix 1/Fast Return.jxs,,
Jamstix 1/Jamstix One,Jamstix One,Jamstix 1,data/styles/Jamstix 1/Fast times.jxs,,
Jamstix 1/Jamstix One,Jamstix One,Jamstix 1,data/styles/Jamstix 1/Fastest Foot In the West.jxs,,
Jamstix 1/Jamstix One,Jamstix One,Jamstix 1,data/styles/Jamstix 1/Fazz.jxs,,
Jamstix 1/Jamstix One,Jamstix One,Jamstix 1,data/styles/Jamstix 1/Festival Of Toms.jxs,,
Jamstix 1/Jamstix One,Jamstix One,Jamstix 1,data/styles/Jamstix 1/Fifty Ways To Leave Your Rhythm.jxs,,
Jamstix 1/Jamstix One,Jamstix One,Jamstix 1,data/styles/Jamstix 1/Flame Of The Sync.jxs,,
Jamstix 1/Jamstix One,Jamstix One,Jamstix 1,data/styles/Jamstix 1/Floor Cleaner.jxs,,
Jamstix 1/Jamstix One,Jamstix One,Jamstix 1,data/styles/Jamstix 1/Focused.jxs,,
Jamstix 1/Jamstix One,Jamstix One,Jamstix 1,data/styles/Jamstix 1/Foot In My Pocket.jxs,,
Jamstix 1/Jamstix One,Jamstix One,Jamstix 1,data/styles/Jamstix 1/Four On The Floor.jxs,,
Jamstix 1/Jamstix One,Jamstix One,Jamstix 1,data/styles/Jamstix 1/Funk #22.jxs,,
Jamstix 1/Jamstix One,Jamstix One,Jamstix 1,data/styles/Jamstix 1/Funk is sunk.jxs,,
Jamstix 1/Jamstix One,Jamstix One,Jamstix 1,data/styles/Jamstix 1/Funk S1R1.jxs,,
Jamstix 1/Jamstix One,Jamstix One,Jamstix 1,data/styles/Jamstix 1/Funk S1R2.jxs,,
Jamstix 1/Jamstix One,Jamstix One,Jamstix 1,data/styles/Jamstix 1/Funk S1R3.jxs,,
Jamstix 1/Jamstix One,Jamstix One,Jamstix 1,data/styles/Jamstix 1/Funk S1R4.jxs,,
Jamstix 1/Jamstix One,Jamstix One,Jamstix 1,data/styles/Jamstix 1/Funk S1R5.jxs,,
Jamstix 1/Jamstix One,Jamstix One,Jamstix 1,data/styles/Jamstix 1/Funkomotion.jxs,,
Jamstix 1/Jamstix One,Jamstix One,Jamstix 1,data/styles/Jamstix 1/Funky And Sticky.jxs,,
Jamstix 1/Jamstix One,Jamstix One,Jamstix 1,data/styles/Jamstix 1/Funky Guess Part #1.jxs,,
Jamstix 1/Jamstix One,Jamstix One,Jamstix 1,data/styles/Jamstix 1/Funky Guess Part #2.jxs,,
Jamstix 1/Jamstix One,Jamstix One,Jamstix 1,data/styles/Jamstix 1/Funky Tom.jxs,,
Jamstix 1/Jamstix One,Jamstix One,Jamstix 1,data/styles/Jamstix 1/Funky Train Rolls Out.jxs,,
Jamstix 1/Jamstix One,Jamstix One,Jamstix 1,data/styles/Jamstix 1/Gadd it On.jxs,,
Jamstix 1/Jamstix One,Jamstix One,Jamstix 1,data/styles/Jamstix 1/Gentle Rocking Toms.jxs,,
Jamstix 1/Jamstix One,Jamstix One,Jamstix 1,data/styles/Jamstix 1/Glued To Eternity.jxs,,
Jamstix 1/Jamstix One,Jamstix One,Jamstix 1,data/styles/Jamstix 1/Going mad.jxs,,
Jamstix 1/Jamstix One,Jamstix One,Jamstix 1,data/styles/Jamstix 1/Good Ham Is Rare.jxs,,
Jamstix 1/Jamstix One,Jamstix One,Jamstix 1,data/styles/Jamstix 1/Good Ham Shuffle.jxs,,
Jamstix 1/Jamstix One,Jamstix One,Jamstix 1,data/styles/Jamstix 1/Good Old Funk.jxs,,
Jamstix 1/Jamstix One,Jamstix One,Jamstix 1,data/styles/Jamstix 1/Grandfather Hip #2.jxs,,
Jamstix 1/Jamstix One,Jamstix One,Jamstix 1,data/styles/Jamstix 1/Grandfather Hip.jxs,,
Jamstix 1/Jamstix One,Jamstix One,Jamstix 1,data/styles/Jamstix 1/Grease The Monkey.jxs,,
Jamstix 1/Jamstix One,Jamstix One,Jamstix 1,data/styles/Jamstix 1/Grey Eyes.jxs,,
Jamstix 1/Jamstix One,Jamstix One,Jamstix 1,data/styles/Jamstix 1/Grey Part #1.jxs,,
Jamstix 1/Jamstix One,Jamstix One,Jamstix 1,data/styles/Jamstix 1/Grey Part #2.jxs,,
Jamstix 1/Jamstix One,Jamstix One,Jamstix 1,data/styles/Jamstix 1/Groovemaster.jxs,,
Jamstix 1/Jamstix One,Jamstix One,Jamstix 1,data/styles/Jamstix 1/Gutted.jxs,,
Jamstix 1/Jamstix One,Jamstix One,Jamstix 1,data/styles/Jamstix 1/Half & Half.jxs,,
Jamstix 1/Jamstix One,Jamstix One,Jamstix 1,data/styles/Jamstix 1/Half Off The Tracks.jxs,,
Jamstix 1/Jamstix One,Jamstix One,Jamstix 1,data/styles/Jamstix 1/Halve-it.jxs,,
Jamstix 1/Jamstix One,Jamstix One,Jamstix 1,data/styles/Jamstix 1/Happy Go Lucky.jxs,,
Jamstix 1/Jamstix One,Jamstix One,Jamstix 1,data/styles/Jamstix 1/Hard Copy.jxs,,
Jamstix 1/Jamstix One,Jamstix One,Jamstix 1,data/styles/Jamstix 1/Hard Funk.jxs,,
Jamstix 1/Jamstix One,Jamstix One,Jamstix 1,data/styles/Jamstix 1/Hard habit to break.jxs,,
Jamstix 1/Jamstix One,Jamstix One,Jamstix 1,data/styles/Jamstix 1/Hard sophistication.jxs,,
Jamstix 1/Jamstix One,Jamstix One,Jamstix 1,data/styles/Jamstix 1/Harlekin.jxs,,
Jamstix 1/Jamstix One,Jamstix One,Jamstix 1,data/styles/Jamstix 1/Harvest Hotel.jxs,,
Jamstix 1/Jamstix One,Jamstix One,Jamstix 1,data/styles/Jamstix 1/Heartburn.jxs,,
Jamstix 1/Jamstix One,Jamstix One,Jamstix 1,data/styles/Jamstix 1/Heavy Back Hand.jxs,,
Jamstix 1/Jamstix One,Jamstix One,Jamstix 1,data/styles/Jamstix 1/Heavy Basics.jxs,,
Jamstix 1/Jamstix One,Jamstix One,Jamstix 1,data/styles/Jamstix 1/Heavy Duty.jxs,,
Jamstix 1/Jamstix One,Jamstix One,Jamstix 1,data/styles/Jamstix 1/Heavy Funk.jxs,,
Jamstix 1/Jamstix One,Jamstix One,Jamstix 1,data/styles/Jamstix 1/Heavy Weight.jxs,,
Jamstix 1/Jamstix One,Jamstix One,Jamstix 1,data/styles/Jamstix 1/Here And There.jxs,,
Jamstix 1/Jamstix One,Jamstix One,Jamstix 1,data/styles/Jamstix 1/Hi Horse With Hat.jxs,,
Jamstix 1/Jamstix One,Jamstix One,Jamstix 1,data/styles/Jamstix 1/Hiccup Snare.jxs,,
Jamstix 1/Jamstix One,Jamstix One,Jamstix 1,data/styles/Jamstix 1/Hiccup.jxs,,
Jamstix 1/Jamstix One,Jamstix One,Jamstix 1,data/styles/Jamstix 1/HiHat Wants To Play.jxs,,
Jamstix 1/Jamstix One,Jamstix One,Jamstix 1,data/styles/Jamstix 1/Hip And Bee 1.jxs,,
Jamstix 1/Jamstix One,Jamstix One,Jamstix 1,data/styles/Jamstix 1/Hip And Bee 2.jxs,,
Jamstix 1/Jamstix One,Jamstix One,Jamstix 1,data/styles/Jamstix 1/Hip Stick.jxs,,
Jamstix 1/Jamstix One,Jamstix One,Jamstix 1,data/styles/Jamstix 1/Hit Squad.jxs,,
Jamstix 1/Jamstix One,Jamstix One,Jamstix 1,data/styles/Jamstix 1/Imagination.jxs,,
Jamstix 1/Jamstix One,Jamstix One,Jamstix 1,data/styles/Jamstix 1/In love with toms.jxs,,
Jamstix 1/Jamstix One,Jamstix One,Jamstix 1,data/styles/Jamstix 1/In the air yesterday.jxs,,
Jamstix 1/Jamstix One,Jamstix One,Jamstix 1,data/styles/Jamstix 1/Inhibi Thor.jxs,,
Jamstix 1/Jamstix One,Jamstix One,Jamstix 1,data/styles/Jamstix 1/Interlocked B.jxs,,
Jamstix 1/Jamstix One,Jamstix One,Jamstix 1,data/styles/Jamstix 1/Interlocked.jxs,,
Jamstix 1/Jamstix One,Jamstix One,Jamstix 1,data/styles/Jamstix 1/InterTOMission.jxs,,
Jamstix 1/Jamstix One,Jamstix One,Jamstix 1,data/styles/Jamstix 1/Is 40 too long.jxs,,
Jamstix 1/Jamstix One,Jamstix One,Jamstix 1,data/styles/Jamstix 1/It Takes Two.jxs,,
Jamstix 1/Jamstix One,Jamstix One,Jamstix 1,data/styles/Jamstix 1/Jazz Shuffle.jxs,,
Jamstix 1/Jamstix One,Jamstix One,Jamstix 1,data/styles/Jamstix 1/Jekyll & Hide.jxs,,
Jamstix 1/Jamstix One,Jamstix One,Jamstix 1,data/styles/Jamstix 1/John Braun.jxs,,
Jamstix 1/Jamstix One,Jamstix One,Jamstix 1,data/styles/Jamstix 1/Jump and skip.jxs,,
Jamstix 1/Jamstix One,Jamstix One,Jamstix 1,data/styles/Jamstix 1/Jungle Toms.jxs,,
Jamstix 1/Jamstix One,Jamstix One,Jamstix 1,data/styles/Jamstix 1/Kick Halfway Through.jxs,,
Jamstix 1/Jamstix One,Jamstix One,Jamstix 1,data/styles/Jamstix 1/Kick Open The Door.jxs,,
Jamstix 1/Jamstix One,Jamstix One,Jamstix 1,data/styles/Jamstix 1/Kick to the point.jxs,,
Jamstix 1/Jamstix One,Jamstix One,Jamstix 1,data/styles/Jamstix 1/Kickoscope.jxs,,
Jamstix 1/Jamstix One,Jamstix One,Jamstix 1,data/styles/Jamstix 1/Knock Knock.jxs,,
Jamstix 1/Jamstix One,Jamstix One,Jamstix 1,data/styles/Jamstix 1/Knocking Four.jxs,,
Jamstix 1/Jamstix One,Jamstix One,Jamstix 1,data/styles/Jamstix 1/Know Your Rights.jxs,,
Jamstix 1/Jamstix One,Jamstix One,Jamstix 1,data/styles/Jamstix 1/Laid back groove.jxs,,
Jamstix 1/Jamstix One,Jamstix One,Jamstix 1,data/styles/Jamstix 1/Laid back on track.jxs,,
Jamstix 1/Jamstix One,Jamstix One,Jamstix 1,data/styles/Jamstix 1/Lasso Man.jxs,,
Jamstix 1/Jamstix One,Jamstix One,Jamstix 1,data/styles/Jamstix 1/Last Walk.jxs,,
Jamstix 1/Jamstix One,Jamstix One,Jamstix 1,data/styles/Jamstix 1/Late Kicker.jxs,,
Jamstix 1/Jamstix One,Jamstix One,Jamstix 1,data/styles/Jamstix 1/Latifunk.jxs,,
Jamstix 1/Jamstix One,Jamstix One,Jamstix 1,data/styles/Jamstix 1/Latin loose.jxs,,
Jamstix 1/Jamstix One,Jamstix One,Jamstix 1,data/styles/Jamstix 1/Latin Rock Through Early Snare.jxs,,
Jamstix 1/Jamstix One,Jamstix One,Jamstix 1,data/styles/Jamstix 1/Latin Snare.jxs,,
Jamstix 1/Jamstix One,Jamstix One,Jamstix 1,data/styles/Jamstix 1/Lead The Kick.jxs,,
Jamstix 1/Jamstix One,Jamstix One,Jamstix 1,data/styles/Jamstix 1/Light Feet.jxs,,
Jamstix 1/Jamstix One,Jamstix One,Jamstix 1,data/styles/Jamstix 1/Likes to play.jxs,,
Jamstix 1/Jamstix One,Jamstix One,Jamstix 1,data/styles/Jamstix 1/Lime Song.jxs,,
Jamstix 1/Jamstix One,Jamstix One,Jamstix 1,data/styles/Jamstix 1/Locomotive.jxs,,
Jamstix 1/Jamstix One,Jamstix One,Jamstix 1,data/styles/Jamstix 1/Look At Me.jxs,,
Jamstix 1/Jamstix One,Jamstix One,Jamstix 1,data/styles/Jamstix 1/Love That Two.jxs,,
Jamstix 1/Jamstix One,Jamstix One,Jamstix 1,data/styles/Jamstix 1/Maglev.jxs,,
Jamstix 1/Jamstix One,Jamstix One,Jamstix 1,data/styles/Jamstix 1/Make Your Point.jxs,,
Jamstix 1/Jamstix One,Jamstix One,Jamstix 1,data/styles/Jamstix 1/Mark My One.jxs,,
Jamstix 1/Jamstix One,Jamstix One,Jamstix 1,data/styles/Jamstix 1/Marley Funk.jxs,,
Jamstix 1/Jamstix One,Jamstix One,Jamstix 1,data/styles/Jamstix 1/Me Too.jxs,,
Jamstix 1/Jamstix One,Jamstix One,Jamstix 1,data/styles/Jamstix 1/Merengue.jxs,,
Jamstix 1/Jamstix One,Jamstix One,Jamstix 1,data/styles/Jamstix 1/MetronoSnare.jxs,,
Jamstix 1/Jamstix One,Jamstix One,Jamstix 1,data/styles/Jamstix 1/Midair.jxs,,
Jamstix 1/Jamstix One,Jamstix One,Jamstix 1,data/styles/Jamstix 1/Miles and miles.jxs,,
Jamstix 1/Jamstix One,Jamstix One,Jamstix 1,data/styles/Jamstix 1/Montreal.jxs,,
Jamstix 1/Jamstix One,Jamstix One,Jamstix 1,data/styles/Jamstix 1/MooveGroove.jxs,,
Jamstix 1/Jamstix One,Jamstix One,Jamstix 1,data/styles/Jamstix 1/Moving And Shaking.jxs,,
Jamstix 1/Jamstix One,Jamstix One,Jamstix 1,data/styles/Jamstix 1/No Ordinary Beat.jxs,,
Jamstix 1/Jamstix One,Jamstix One,Jamstix 1,data/styles/Jamstix 1/No Words.jxs,,
Jamstix 1/Jamstix One,Jamstix One,Jamstix 1,data/styles/Jamstix 1/Not Invited.jxs,,
Jamstix 1/Jamstix One,Jamstix One,Jamstix 1,data/styles/Jamstix 1/Nowhere To Ride.jxs,,
Jamstix 1/Jamstix One,Jamstix One,Jamstix 1,data/styles/Jamstix 1/Offset.jxs,,
Jamstix 1/Jamstix One,Jamstix One,Jamstix 1,data/styles/Jamstix 1/On The Rise.jxs,,
Jamstix 1/Jamstix One,Jamstix One,Jamstix 1,data/styles/Jamstix 1/One Big Thing.jxs,,
Jamstix 1/Jamstix One,Jamstix One,Jamstix 1,data/styles/Jamstix 1/One More.jxs,,
Jamstix 1/Jamstix One,Jamstix One,Jamstix 1,data/styles/Jamstix 1/Onward.jxs,,
Jamstix 1/Jamstix One,Jamstix One,Jamstix 1,data/styles/Jamstix 1/Open Funk.jxs,,
Jamstix 1/Jamstix One,Jamstix One,Jamstix 1,data/styles/Jamstix 1/Open Wide.jxs,,
Jamstix 1/Jamstix One,Jamstix One,Jamstix 1,data/styles/Jamstix 1/Parade.jxs,,
Jamstix 1/Jamstix One,Jamstix One,Jamstix 1,data/styles/Jamstix 1/Pausing For Effect.jxs,,
Jamstix 1/Jamstix One,Jamstix One,Jamstix 1,data/styles/Jamstix 1/Peace In Your Time.jxs,,
Jamstix 1/Jamstix One,Jamstix One,Jamstix 1,data/styles/Jamstix 1/Philadelphia.jxs,,
Jamstix 1/Jamstix One,Jamstix One,Jamstix 1,data/styles/Jamstix 1/Pose Comatose.jxs,,
Jamstix 1/Jamstix One,Jamstix One,Jamstix 1,data/styles/Jamstix 1/Power Ballad.jxs,,
Jamstix 1/Jamstix One,Jamstix One,Jamstix 1,data/styles/Jamstix 1/Power To The Hats.jxs,,
Jamstix 1/Jamstix One,Jamstix One,Jamstix 1,data/styles/Jamstix 1/Precious Funky Kick.jxs,,
Jamstix 1/Jamstix One,Jamstix One,Jamstix 1,data/styles/Jamstix 1/Quiet Echoes.jxs,,
Jamstix 1/Jamstix One,Jamstix One,Jamstix 1,data/styles/Jamstix 1/Rainy Snare.jxs,,
Jamstix 1/Jamstix One,Jamstix One,Jamstix 1,data/styles/Jamstix 1/RBees.jxs,,
Jamstix 1/Jamstix One,Jamstix One,Jamstix 1,data/styles/Jamstix 1/Really Reggae.jxs,,
Jamstix 1/Jamstix One,Jamstix One,Jamstix 1,data/styles/Jamstix 1/Regg It A Bit.jxs,,
Jamstix 1/Jamstix One,Jamstix One,Jamstix 1,data/styles/Jamstix 1/Reminds me of something.jxs,,
Jamstix 1/Jamstix One,Jamstix One,Jamstix 1,data/styles/Jamstix 1/ResisDance.jxs,,
Jamstix 1/Jamstix One,Jamstix One,Jamstix 1,data/styles/Jamstix 1/Ride And Blues.jxs,,
Jamstix 1/Jamstix One,Jamstix One,Jamstix 1,data/styles/Jamstix 1/Ride The Swing.jxs,,
Jamstix 1/Jamstix One,Jamstix One,Jamstix 1,data/styles/Jamstix 1/Ring The Bells.jxs,,
Jamstix 1/Jamstix One,Jamstix One,Jamstix 1,data/styles/Jamstix 1/RoboTick.jxs,,
Jamstix 1/Jamstix One,Jamstix One,Jamstix 1,data/styles/Jamstix 1/Rock Basic I With 16th Hats.jxs,,
Jamstix 1/Jamstix One,Jamstix One,Jamstix 1,data/styles/Jamstix 1/Rock Basic I.jxs,,
Jamstix 1/Jamstix One,Jamstix One,Jamstix 1,data/styles/Jamstix 1/Rock Basic II.jxs,,
Jamstix 1/Jamstix One,Jamstix One,Jamstix 1,data/styles/Jamstix 1/Rock Basic III.jxs,,
Jamstix 1/Jamstix One,Jamstix One,Jamstix 1,data/styles/Jamstix 1/Rock it but funk it.jxs,,
Jamstix 1/Jamstix One,Jamstix One,Jamstix 1,data/styles/Jamstix 1/Rock S1R1.jxs,,
Jamstix 1/Jamstix One,Jamstix One,Jamstix 1,data/styles/Jamstix 1/Rock S1R2.jxs,,
Jamstix 1/Jamstix One,Jamstix One,Jamstix 1,data/styles/Jamstix 1/Rock S1R3.jxs,,
Jamstix 1/Jamstix One,Jamstix One,Jamstix 1,data/styles/Jamstix 1/Rock S1R4.jxs,,
Jamstix 1/Jamstix One,Jamstix One,Jamstix 1,data/styles/Jamstix 1/Rock S2R1.jxs,,
Jamstix 1/Jamstix One,Jamstix One,Jamstix 1,data/styles/Jamstix 1/Rock S2R2.jxs,,
Jamstix 1/Jamstix One,Jamstix One,Jamstix 1,data/styles/Jamstix 1/Rock S2R3.jxs,,
Jamstix 1/Jamstix One,Jamstix One,Jamstix 1,data/styles/Jamstix 1/Rock S2R4.jxs,,
Jamstix 1/Jamstix One,Jamstix One,Jamstix 1,data/styles/Jamstix 1/Rock S2R5.jxs,,
Jamstix 1/Jamstix One,Jamstix One,Jamstix 1,data/styles/Jamstix 1/Rock S3R1.jxs,,
Jamstix 1/Jamstix One,Jamstix One,Jamstix 1,data/styles/Jamstix 1/Rock S3R2.jxs,,
Jamstix 1/Jamstix One,Jamstix One,Jamstix 1,data/styles/Jamstix 1/Rock S3R3.jxs,,
Jamstix 1/Jamstix One,Jamstix One,Jamstix 1,data/styles/Jamstix 1/Rock The Boat.jxs,,
Jamstix 1/Jamstix One,Jamstix One,Jamstix 1,data/styles/Jamstix 1/Rod's Bossa.jxs,,
Jamstix 1/Jamstix One,Jamstix One,Jamstix 1,data/styles/Jamstix 1/Rolo Tomasi.jxs,,
Jamstix 1/Jamstix One,Jamstix One,Jamstix 1,data/styles/Jamstix 1/Rosanna.jxs,,
Jamstix 1/Jamstix One,Jamstix One,Jamstix 1,data/styles/Jamstix 1/Round the two it goes.jxs,,
Jamstix 1/Jamstix One,Jamstix One,Jamstix 1,data/styles/Jamstix 1/Rounder.jxs,,
Jamstix 1/Jamstix One,Jamstix One,Jamstix 1,data/styles/Jamstix 1/Run To Extremes.jxs,,
Jamstix 1/Jamstix One,Jamstix One,Jamstix 1,data/styles/Jamstix 1/Running And Falling.jxs,,
Jamstix 1/Jamstix One,Jamstix One,Jamstix 1,data/styles/Jamstix 1/Sacred Dance.jxs,,
Jamstix 1/Jamstix One,Jamstix One,Jamstix 1,data/styles/Jamstix 1/Samba Mamba.jxs,,
Jamstix 1/Jamstix One,Jamstix One,Jamstix 1,data/styles/Jamstix 1/Sambatical.jxs,,
Jamstix 1/Jamstix One,Jamstix One,Jamstix 1,data/styles/Jamstix 1/Scratching My Head.jxs,,
Jamstix 1/Jamstix One,Jamstix One,Jamstix 1,data/styles/Jamstix 1/Second Line 1.jxs,,
Jamstix 1/Jamstix One,Jamstix One,Jamstix 1,data/styles/Jamstix 1/Second Line 2.jxs,,
Jamstix 1/Jamstix One,Jamstix One,Jamstix 1,data/styles/Jamstix 1/Shes a cat.jxs,,
Jamstix 1/Jamstix One,Jamstix One,Jamstix 1,data/styles/Jamstix 1/Shine On.jxs,,
Jamstix 1/Jamstix One,Jamstix One,Jamstix 1,data/styles/Jamstix 1/Shuffle 1.jxs,,
Jamstix 1/Jamstix One,Jamstix One,Jamstix 1,data/styles/Jamstix 1/Shuffle 2.jxs,,
Jamstix 1/Jamstix One,Jamstix One,Jamstix 1,data/styles/Jamstix 1/Shuffle 3.jxs,,
Jamstix 1/Jamstix One,Jamstix One,Jamstix 1,data/styles/Jamstix 1/Shuffle 4.jxs,,
Jamstix 1/Jamstix One,Jamstix One,Jamstix 1,data/styles/Jamstix 1/Shuffle 5.jxs,,
Jamstix 1/Jamstix One,Jamstix One,Jamstix 1,data/styles/Jamstix 1/Shuffle 6.jxs,,
Jamstix 1/Jamstix One,Jamstix One,Jamstix 1,data/styles/Jamstix 1/Shuffle 7.jxs,,
Jamstix 1/Jamstix One,Jamstix One,Jamstix 1,data/styles/Jamstix 1/Shuffle The Notes.jxs,,
Jamstix 1/Jamstix One,Jamstix One,Jamstix 1,data/styles/Jamstix 1/Singing Toms.jxs,,
Jamstix 1/Jamstix One,Jamstix One,Jamstix 1,data/styles/Jamstix 1/Slow Treadmill.jxs,,
Jamstix 1/Jamstix One,Jamstix One,Jamstix 1,data/styles/Jamstix 1/Smiddle.jxs,,
Jamstix 1/Jamstix One,Jamstix One,Jamstix 1,data/styles/Jamstix 1/Snare Echoes.jxs,,
Jamstix 1/Jamstix One,Jamstix One,Jamstix 1,data/styles/Jamstix 1/Snare Goes Funk.jxs,,
Jamstix 1/Jamstix One,Jamstix One,Jamstix 1,data/styles/Jamstix 1/Snare Hammer.jxs,,
Jamstix 1/Jamstix One,Jamstix One,Jamstix 1,data/styles/Jamstix 1/Snare Hopping.jxs,,
Jamstix 1/Jamstix One,Jamstix One,Jamstix 1,data/styles/Jamstix 1/Snare Pair.jxs,,
Jamstix 1/Jamstix One,Jamstix One,Jamstix 1,data/styles/Jamstix 1/Snared.jxs,,
Jamstix 1/Jamstix One,Jamstix One,Jamstix 1,data/styles/Jamstix 1/Snarrow.jxs,,
Jamstix 1/Jamstix One,Jamstix One,Jamstix 1,data/styles/Jamstix 1/Snarry Night.jxs,,
Jamstix 1/Jamstix One,Jamstix One,Jamstix 1,data/styles/Jamstix 1/Sneaking Up.jxs,,
Jamstix 1/Jamstix One,Jamstix One,Jamstix 1,data/styles/Jamstix 1/Soca.jxs,,
Jamstix 1/Jamstix One,Jamstix One,Jamstix 1,data/styles/Jamstix 1/Some Ba Feel.jxs,,
Jamstix 1/Jamstix One,Jamstix One,Jamstix 1,data/styles/Jamstix 1/SOS - Straight Over Smooth.jxs,,
Jamstix 1/Jamstix One,Jamstix One,Jamstix 1,data/styles/Jamstix 1/Southern Comfortable.jxs,,
Jamstix 1/Jamstix One,Jamstix One,Jamstix 1,data/styles/Jamstix 1/Southern Rock.jxs,,
Jamstix 1/Jamstix One,Jamstix One,Jamstix 1,data/styles/Jamstix 1/Spanish Fly.jxs,,
Jamstix 1/Jamstix One,Jamstix One,Jamstix 1,data/styles/Jamstix 1/Spartan.jxs,,
Jamstix 1/Jamstix One,Jamstix One,Jamstix 1,data/styles/Jamstix 1/Splittered.jxs,,
Jamstix 1/Jamstix One,Jamstix One,Jamstix 1,data/styles/Jamstix 1/Spring Is Here.jxs,,
Jamstix 1/Jamstix One,Jamstix One,Jamstix 1,data/styles/Jamstix 1/Stay Moving.jxs,,
Jamstix 1/Jamstix One,Jamstix One,Jamstix 1,data/styles/Jamstix 1/Steam Hammer.jxs,,
Jamstix 1/Jamstix One,Jamstix One,Jamstix 1,data/styles/Jamstix 1/Steppe In The Evening.jxs,,
Jamstix 1/Jamstix One,Jamstix One,Jamstix 1,data/styles/Jamstix 1/Stick Not Kick.jxs,,
Jamstix 1/Jamstix One,Jamstix One,Jamstix 1,data/styles/Jamstix 1/Stick Up.jxs,,
Jamstix 1/Jamstix One,Jamstix One,Jamstix 1,data/styles/Jamstix 1/Sticks & Bones.jxs,,
Jamstix 1/Jamstix One,Jamstix One,Jamstix 1,data/styles/Jamstix 1/Sticky Glue.jxs,,
Jamstix 1/Jamstix One,Jamstix One,Jamstix 1,data/styles/Jamstix 1/Stomp it Down.jxs,,
Jamstix 1/Jamstix One,Jamstix One,Jamstix 1,data/styles/Jamstix 1/Stomp Some More.jxs,,
Jamstix 1/Jamstix One,Jamstix One,Jamstix 1,data/styles/Jamstix 1/Straight & True.jxs,,
Jamstix 1/Jamstix One,Jamstix One,Jamstix 1,data/styles/Jamstix 1/Straight But Blues.jxs,,
Jamstix 1/Jamstix One,Jamstix One,Jamstix 1,data/styles/Jamstix 1/Straight Shot Around The Corner.jxs,,
Jamstix 1/Jamstix One,Jamstix One,Jamstix 1,data/styles/Jamstix 1/Stroll down funk street.jxs,,
Jamstix 1/Jamstix One,Jamstix One,Jamstix 1,data/styles/Jamstix 1/Stubborn.jxs,,
Jamstix 1/Jamstix One,Jamstix One,Jamstix 1,data/styles/Jamstix 1/Stuck in a net.jxs,,
Jamstix 1/Jamstix One,Jamstix One,Jamstix 1,data/styles/Jamstix 1/Sudden Braking.jxs,,
Jamstix 1/Jamstix One,Jamstix One,Jamstix 1,data/styles/Jamstix 1/Swagger.jxs,,
Jamstix 1/Jamstix One,Jamstix One,Jamstix 1,data/styles/Jamstix 1/Swallow The Beat.jxs,,
Jamstix 1/Jamstix One,Jamstix One,Jamstix 1,data/styles/Jamstix 1/Swaying trees.jxs,,
Jamstix 1/Jamstix One,Jamstix One,Jamstix 1,data/styles/Jamstix 1/Sweet Funk.jxs,,
Jamstix 1/Jamstix One,Jamstix One,Jamstix 1,data/styles/Jamstix 1/Sweet Honey Groove.jxs,,
Jamstix 1/Jamstix One,Jamstix One,Jamstix 1,data/styles/Jamstix 1/Sweet Life.jxs,,
Jamstix 1/Jamstix One,Jamstix One,Jamstix 1,data/styles/Jamstix 1/Swing Low.jxs,,
Jamstix 1/Jamstix One,Jamstix One,Jamstix 1,data/styles/Jamstix 1/Synco 16.jxs,,
Jamstix 1/Jamstix One,Jamstix One,Jamstix 1,data/styles/Jamstix 1/SyncoKick.jxs,,
Jamstix 1/Jamstix One,Jamstix One,Jamstix 1,data/styles/Jamstix 1/Take A Chance.jxs,,
Jamstix 1/Jamstix One,Jamstix One,Jamstix 1,data/styles/Jamstix 1/Take That.jxs,,
Jamstix 1/Jamstix One,Jamstix One,Jamstix 1,data/styles/Jamstix 1/Talking Snare.jxs,,
Jamstix 1/Jamstix One,Jamstix One,Jamstix 1,data/styles/Jamstix 1/Ten meters.jxs,,
Jamstix 1/Jamstix One,Jamstix One,Jamstix 1,data/styles/Jamstix 1/The Clues Of Blues.jxs,,
Jamstix 1/Jamstix One,Jamstix One,Jamstix 1,data/styles/Jamstix 1/The Mole.jxs,,
Jamstix 1/Jamstix One,Jamstix One,Jamstix 1,data/styles/Jamstix 1/Those Days.jxs,,
Jamstix 1/Jamstix One,Jamstix One,Jamstix 1,data/styles/Jamstix 1/Time Of Life.jxs,,
Jamstix 1/Jamstix One,Jamstix One,Jamstix 1,data/styles/Jamstix 1/Told you so.jxs,,
Jamstix 1/Jamstix One,Jamstix One,Jamstix 1,data/styles/Jamstix 1/Tom & Jerry.jxs,,
Jamstix 1/Jamstix One,Jamstix One,Jamstix 1,data/styles/Jamstix 1/Tom Alarm.jxs,,
Jamstix 1/Jamstix One,Jamstix One,Jamstix 1,data/styles/Jamstix 1/Tomdance.jxs,,
Jamstix 1/Jamstix One,Jamstix One,Jamstix 1,data/styles/Jamstix 1/Tommy Gun.jxs,,
Jamstix 1/Jamstix One,Jamstix One,Jamstix 1,data/styles/Jamstix 1/Tommy Is The Boss.jxs,,
Jamstix 1/Jamstix One,Jamstix One,Jamstix 1,data/styles/Jamstix 1/Toms Are Our Friends.jxs,,
Jamstix 1/Jamstix One,Jamstix One,Jamstix 1,data/styles/Jamstix 1/Trapper DJ.jxs,,
Jamstix 1/Jamstix One,Jamstix One,Jamstix 1,data/styles/Jamstix 1/Tripped!.jxs,,
Jamstix 1/Jamstix One,Jamstix One,Jamstix 1,data/styles/Jamstix 1/Tripping Hats Of 16.jxs,,
Jamstix 1/Jamstix One,Jamstix One,Jamstix 1,data/styles/Jamstix 1/Tripping Hats Of 8.jxs,,
Jamstix 1/Jamstix One,Jamstix One,Jamstix 1,data/styles/Jamstix 1/Triptophane.jxs,,
Jamstix 1/Jamstix One,Jamstix One,Jamstix 1,data/styles/Jamstix 1/TripWire.jxs,,
Jamstix 1/Jamstix One,Jamstix One,Jamstix 1,data/styles/Jamstix 1/Tug Of War.jxs,,
Jamstix 1/Jamstix One,Jamstix One,Jamstix 1,data/styles/Jamstix 1/Twin Snares.jxs,,
Jamstix 1/Jamstix One,Jamstix One,Jamstix 1,data/styles/Jamstix 1/Up And Down.jxs,,
Jamstix 1/Jamstix One,Jamstix One,Jamstix 1,data/styles/Jamstix 1/Waltz Out Of Hear.jxs,,
Jamstix 1/Jamstix One,Jamstix One,Jamstix 1,data/styles/Jamstix 1/Water And Oil.jxs,,
Jamstix 1/Jamstix One,Jamstix One,Jamstix 1,data/styles/Jamstix 1/Weckl Me Up.jxs,,
Jamstix 1/Jamstix One,Jamstix One,Jamstix 1,data/styles/Jamstix 1/Welcome To America.jxs,,
Jamstix 1/Jamstix One,Jamstix One,Jamstix 1,data/styles/Jamstix 1/West Of Eden Shuffle.jxs,,
Jamstix 1/Jamstix One,Jamstix One,Jamstix 1,data/styles/Jamstix 1/What time is it.jxs,,
Jamstix 1/Jamstix One,Jamstix One,Jamstix 1,data/styles/Jamstix 1/Where is the one.jxs,,
Jamstix 1/Jamstix One,Jamstix One,Jamstix 1,data/styles/Jamstix 1/Who would have funked.jxs,,
Jamstix 1/Jamstix One,Jamstix One,Jamstix 1,data/styles/Jamstix 1/Whole Lotta Kick.jxs,,
Jamstix 1/Jamstix One,Jamstix One,Jamstix 1,data/styles/Jamstix 1/Wide Open.jxs,,
Jamstix 1/Jamstix One,Jamstix One,Jamstix 1,data/styles/Jamstix 1/Wipeout.jxs,,
Jamstix 1/Jamstix One,Jamstix One,Jamstix 1,data/styles/Jamstix 1/Wishing Well.jxs,,
Jamstix 1/Jamstix One,Jamstix One,Jamstix 1,data/styles/Jamstix 1/With An Open Fire.jxs,,
Jamstix 1/Jamstix One,Jamstix One,Jamstix 1,data/styles/Jamstix 1/With Fire.jxs,,
Jamstix 1/Jamstix One,Jamstix One,Jamstix 1,data/styles/Jamstix 1/Wooden Tower.jxs,,
Jamstix 1/Jamstix One,Jamstix One,Jamstix 1,data/styles/Jamstix 1/Working It.jxs,,
Jamstix 1/Jamstix One,Jamstix One,Jamstix 1,data/styles/Jamstix 1/Zero Kelvin.jxs,,
Jazz & Swing/Big Band,Big Band,Jazz & Swing,data/styles/Jazz & Swing/Big Band.jxs,http://en.wikipedia.org/wiki/Swing_music,
Jazz & Swing/Brush Swing,Brush Swing,Jazz & Swing,data/styles/Jazz & Swing/Brush Swing.jxs,http://en.wikipedia.org/wiki/Swing_music,
Jazz & Swing/Custom Jazz,Custom Jazz,Jazz & Swing,data/styles/Jazz & Swing/Custom Jazz.jxs,http://en.wikipedia.org/wiki/Swing_music,
Jazz & Swing/Jazz Shuffle,Jazz Shuffle,Jazz & Swing,data/styles/Jazz & Swing/Jazz Shuffle.jxs,http://en.wikipedia.org/wiki/Swing_music,
Jazz & Swing/Jazz Swing,Jazz Swing,Jazz & Swing,data/styles/Jazz & Swing/Jazz Swing.jxs,http://en.wikipedia.org/wiki/Swing_music,
Jazz & Swing/Jazz Waltz,Jazz Waltz,Jazz & Swing,data/styles/Jazz & Swing/Jazz Waltz.jxs,http://en.wikipedia.org/wiki/Swing_music,
Linear/Basic Linear,Basic Linear,Linear,data/styles/Linear/Basic Linear.jxs,,
Linear/DrumlineAR,DrumlineAR,Linear,data/styles/Linear/DrumlineAR.jxs,,
Linear/Early 2U,Early 2U,Linear,data/styles/Linear/Early 2U.jxs,,
Linear/Half Over,Half Over,Linear,data/styles/Linear/Half Over.jxs,,
Linear/Halftimer,Halftimer,Linear,data/styles/Linear/Halftimer.jxs,,
Linear/HiSnaK-2,HiSnaK-2,Linear,data/styles/Linear/HiSnaK-2.jxs,,
Linear/HiSnaK-3,HiSnaK-3,Linear,data/styles/Linear/HiSnaK-3.jxs,,
Linear/Late 4U,Late 4U,Linear,data/styles/Linear/Late 4U.jxs,,
Linear/Lenoir,Lenoir,Linear,data/styles/Linear/Lenoir.jxs,,
Linear/Morning Stone,Morning Stone,Linear,data/styles/Linear/Morning Stone.jxs,,
Linear/Skipper,Skipper,Linear,data/styles/Linear/Skipper.jxs,,
Linear/Vaccine,Vaccine,Linear,data/styles/Linear/Vaccine.jxs,,
Linear/Westside,Westside,Linear,data/styles/Linear/Westside.jxs,,
March/March,March,March,data/styles/March/March.jxs,http://en.wikipedia.org/wiki/March_%28music%29,
March/New Orleans,New Orleans,March,data/styles/March/New Orleans.jxs,http://en.wikipedia.org/wiki/March_%28music%29,
Metal/Custom Metal,Custom Metal,Metal,data/styles/Metal/Custom Metal.jxs,http://en.wikipedia.org/wiki/Heavy_metal,
Metal/Dial-A-Metal,Dial-A-Metal,Metal,data/styles/Metal/Dial-A-Metal.jxs,http://en.wikipedia.org/wiki/Heavy_metal,
Metal/Modern Metal,Modern Metal,Metal,data/styles/Metal/Modern Metal.jxs,http://en.wikipedia.org/wiki/Heavy_metal,
Metal/Nu Metal,Nu Metal,Metal,data/styles/Metal/Nu Metal.jxs,http://en.wikipedia.org/wiki/Nu_metal,
Metal/Prog Metal,Prog Metal,Metal,data/styles/Metal/Prog Metal.jxs,http://en.wikipedia.org/wiki/Progressive_metal,
Metal/Thrash Metal,Thrash Metal,Metal,data/styles/Metal/Thrash Metal.jxs,http://en.wikipedia.org/wiki/Thrash_metal,
Metal/U-Pick Metal 2-Bar,U-Pick Metal 2-Bar,Metal,data/styles/Metal/U-Pick Metal 2-Bar.jxs,http://en.wikipedia.org/wiki/Heavy_metal,
Motown/Motown Hurry,Motown Hurry,Motown,data/styles/Motown/Motown Hurry.jxs,http://en.wikipedia.org/wiki/The_Motown_Sound,
Motown/Motown Love,Motown Love,Motown,data/styles/Motown/Motown Love.jxs,http://en.wikipedia.org/wiki/The_Motown_Sound,
Motown/Motown Mersey,Motown Mersey,Motown,data/styles/Motown/Motown Mersey.jxs,http://en.wikipedia.org/wiki/The_Motown_Sound,
Odd Time/Odd Kick,Odd Kick,Odd Time,data/styles/Odd Time/Odd Kick.jxs,,
Odd Time/Odd March,Odd March,Odd Time,data/styles/Odd Time/Odd March.jxs,https://en.wikipedia.org/wiki/Time_signature,
Odd Time/Odd Time Bill,Odd Time Bill,Odd Time,data/styles/Odd Time/Odd Time Bill.jxs,https://en.wikipedia.org/wiki/Time_signature,
Odd Time/Odd Time,Odd Time,Odd Time,data/styles/Odd Time/Odd Time.jxs,https://en.wikipedia.org/wiki/Time_signature,
Other World Rhythms/Beguine,Beguine,Other World Rhythms,data/styles/Other World Rhythms/Beguine.jxs,,
Other World Rhythms/Bolero,Bolero,Other World Rhythms,data/styles/Other World Rhythms/Bolero.jxs,,
Other World Rhythms/Flamenco 12-8,Flamenco 12-8,Other World Rhythms,data/styles/Other World Rhythms/Flamenco 12-8.jxs,,
Other World Rhythms/Merengue,Merengue,Other World Rhythms,data/styles/Other World Rhythms/Merengue.jxs,http://en.wikipedia.org/wiki/Merengue_music,
Other World Rhythms/Middle Eastern,Middle Eastern,Other World Rhythms,data/styles/Other World Rhythms/Middle Eastern.jxs,,
Other World Rhythms/Tango,Tango,Other World Rhythms,data/styles/Other World Rhythms/Tango.jxs,http://en.wikipedia.org/wiki/Tango_music,
Punk/Jungle Punk,Jungle Punk,Punk,data/styles/Punk/Jungle Punk.jxs,http://en.wikipedia.org/wiki/Punk_music,
Punk/Punk,Punk,Punk,data/styles/Punk/Punk.jxs,http://en.wikipedia.org/wiki/Punk_music,
R&B/6-8 16th Shuffle,6-8 16th Shuffle,R&B,data/styles/R&B/6-8 16th Shuffle.jxs,http://en.wikipedia.org/wiki/R&B,
R&B/Classic R&B,Classic R&B,R&B,data/styles/R&B/Classic R&B.jxs,http://en.wikipedia.org/wiki/R&B,
R&B/Halftime Shuffle,Halftime Shuffle,R&B,data/styles/R&B/Halftime Shuffle.jxs,http://en.wikipedia.org/wiki/R&B,
R&B/Neo Sixties,Neo Sixties,R&B,data/styles/R&B/Neo Sixties.jxs,,
R&B/Ride R&B,Ride R&B,R&B,data/styles/R&B/Ride R&B.jxs,http://en.wikipedia.org/wiki/R&B,
Rock/16th Rock,16th Rock,Rock,data/styles/Rock/16th Rock.jxs,http://en.wikipedia.org/wiki/Rock_music,
Rock/6/8 Rock,6/8 Rock,Rock,data/styles/Rock/6-8 Rock.jxs,http://en.wikipedia.org/wiki/Rock_music,
Rock/8th Rock,8th Rock,Rock,data/styles/Rock/8th Rock.jxs,http://en.wikipedia.org/wiki/Rock_music,
Rock/Basic Rock,Basic Rock,Rock,data/styles/Rock/Basic Rock.jxs,,
Rock/Clock Day,Clock Day,Rock,data/styles/Rock/Clock Day.jxs,http://en.wikipedia.org/wiki/Rock_music,
Rock/Custom Rock,Custom Rock,Rock,data/styles/Rock/Custom Rock.jxs,http://en.wikipedia.org/wiki/Rock_music,
Rock/Eclectic,Eclectic,Rock,data/styles/Rock/Eclectic.jxs,http://en.wikipedia.org/wiki/Rock_music,
Rock/Heavy Snares,Heavy Snares,Rock,data/styles/Rock/Heavy Snares.jxs,http://en.wikipedia.org/wiki/Rock_music,
Rock/Odd Shuffle,Odd Shuffle,Rock,data/styles/Rock/Odd Shuffle.jxs,,
Rock/Rock 2-Bar,Rock 2-Bar,Rock,data/styles/Rock/Rock 2-Bar.jxs,http://en.wikipedia.org/wiki/Rock_music,
Rock/Rosa Shuffle,Rosa Shuffle,Rock,data/styles/Rock/Rosa Shuffle.jxs,http://en.wikipedia.org/wiki/Rock_music,
Rock/Shuffle Tom HT,Shuffle Tom HT,Rock,data/styles/Rock/Shuffle Tom HT.jxs,http://en.wikipedia.org/wiki/Rock_music,
Rock/Sixties,Sixties,Rock,data/styles/Rock/Sixties.jxs,,
Rock/Songo Rock HT,Songo Rock HT,Rock,data/styles/Rock/Songo Rock HT.jxs,http://en.wikipedia.org/wiki/Songo_music,
Sophistica/Cool Hats Custom,Cool Hats Custom,Sophistica,data/styles/Sophistica/Cool Hats Custom.jxs,,
Sophistica/Custom 2 Bar,Custom 2 Bar,Sophistica,data/styles/Sophistica/Custom 2 Bar.jxs,,
Sophistica/Halftime Bell,Halftime Bell,Sophistica,data/styles/Sophistica/Halftime Bell.jxs,,
Sophistica/Katchey,Katchey,Sophistica,data/styles/Sophistica/Katchey.jxs,,
Sophistica/SophiShuffle,SophiShuffle,Sophistica,data/styles/Sophistica/SophiShuffle.jxs,,
Sophistica/Sophistica 6-8,Sophistica 6-8,Sophistica,data/styles/Sophistica/Sophistica 6-8.jxs,,
Sophistica/SophiToms,SophiToms,Sophistica,data/styles/Sophistica/SophiToms.jxs,,
Surf/Surf Ballad,Surf Ballad,Surf,data/styles/Surf/Surf Ballad.jxs,http://en.wikipedia.org/wiki/Surf_music,
Surf/Surf Toms,Surf Toms,Surf,data/styles/Surf/Surf Toms.jxs,http://en.wikipedia.org/wiki/Surf_music,
Surf/Surf,Surf,Surf,data/styles/Surf/Surf.jxs,http://en.wikipedia.org/wiki/Surf_music,
Toolbox/6-8 Groove,6-8 Groove,Toolbox,data/styles/Toolbox/6-8 Groove.jxs,,
Toolbox/Halftime,Halftime,Toolbox,data/styles/Toolbox/Halftime.jxs,,
Toolbox/Odd Time Grooves,Odd Time Grooves,Toolbox,data/styles/Toolbox/Odd Time Grooves.jxs,,
Toolbox/Standard Rock,Standard Rock,Toolbox,data/styles/Toolbox/Standard Rock.jxs,,
@ Special Styles/Import,Import,@ Special Styles,data/styles/Jamcussion/@ Special Styles/Import.jxs,,
@ Special Styles/Silent,Silent,@ Special Styles,data/styles/Jamcussion/@ Special Styles/Silent.jxs,,
African/Aconcon,Aconcon,African,data/styles/Jamcussion/African/Aconcon.jxs,,
African/Coucou,Coucou,African,data/styles/Jamcussion/African/Coucou.jxs,,
African/Dundunbar,Dundunbar,African,data/styles/Jamcussion/African/Dundunbar.jxs,,
African/Kassa,Kassa,African,data/styles/Jamcussion/African/Kassa.jxs,,
African/Moribayassa,Moribayassa,African,data/styles/Jamcussion/African/Moribayassa.jxs,http://en.wikipedia.org/wiki/Moribaya,
African/Saba,Saba,African,data/styles/Jamcussion/African/Saba.jxs,,
African/Toro,Toro,African,data/styles/Jamcussion/African/Toro.jxs,,
Euclid/Euclid Five,Euclid Five,Euclid,data/styles/Jamcussion/Euclid/Euclid Five.jxs,,
Euclid/Euclid Latin,Euclid Latin,Euclid,data/styles/Jamcussion/Euclid/Euclid Latin.jxs,,
Euclid/Euclid,Euclid,Euclid,data/styles/Jamcussion/Euclid/Euclid.jxs,,
Flamenco/Bulerias 6-4,Bulerias 6-4,Flamenco,data/styles/Jamcussion/Flamenco/Bulerias 6-4.jxs,,
Flamenco/Fandango 6-8,Fandango 6-8,Flamenco,data/styles/Jamcussion/Flamenco/Fandango 6-8.jxs,,
Flamenco/Flamenco NG 12-8,Flamenco NG 12-8,Flamenco,data/styles/Jamcussion/Flamenco/Flamenco 12-8 NG.jxs,,
Flamenco/Flamenco 12-8,Flamenco 12-8,Flamenco,data/styles/Jamcussion/Flamenco/Flamenco 12-8.jxs,,
Flamenco/Flamenco 4-4,Flamenco 4-4,Flamenco,data/styles/Jamcussion/Flamenco/Flamenco 4-4.jxs,,
Flamenco/Flamenco Free,Flamenco Free,Flamenco,data/styles/Jamcussion/Flamenco/Flamenco Free.jxs,,
Flamenco/Flamenco Tango,Flamenco Tango,Flamenco,data/styles/Jamcussion/Flamenco/Flamenco Tango.jxs,,
Latin/Latin Standard,Latin Standard,Latin,data/styles/Jamcussion/Latin/Latin Standard.jxs,http://en.wikipedia.org/wiki/Samba,
Latin/Rio,Rio,Latin,data/styles/Jamcussion/Latin/Rio.jxs,http://en.wikipedia.org/wiki/Samba,
Latin/Tumbao,Tumbao,Latin,data/styles/Jamcussion/Latin/Tumbao.jxs,http://en.wikipedia.org/wiki/Tumbao,
Middle-East/ME 12-8,ME 12-8,Middle-East,data/styles/Jamcussion/Middle-East/ME 12-8.jxs,,
Middle-East/ME 3-8 KhlaS,ME 3-8 KhlaS,Middle-East,data/styles/Jamcussion/Middle-East/ME 3-8 KhlaS.jxs,,
Middle-East/ME 4-4,ME 4-4,Middle-East,data/styles/Jamcussion/Middle-East/ME 4-4.jxs,,
Middle-East/ME 5-4,ME 5-4,Middle-East,data/styles/Jamcussion/Middle-East/ME 5-4.jxs,,
Middle-East/ME 5-8,ME 5-8,Middle-East,data/styles/Jamcussion/Middle-East/ME 5-8.jxs,,
Middle-East/ME 6-8,ME 6-8,Middle-East,data/styles/Jamcussion/Middle-East/ME 6-8.jxs,,
Middle-East/ME 7-8,ME 7-8,Middle-East,data/styles/Jamcussion/Middle-East/ME 7-8.jxs,,
Middle-East/ME 9-8 Karsilama,ME 9-8 Karsilama,Middle-East,data/styles/Jamcussion/Middle-East/ME 9-8 Karsilama.jxs,,
Modern/Ballad,Ballad,Modern,data/styles/Jamcussion/Modern/Ballad.jxs,,
Modern/Cajon,Cajon,Modern,data/styles/Jamcussion/Modern/Cajon.jxs,,
Modern/Custom,Custom,Modern,data/styles/Jamcussion/Modern/Custom.jxs,,
Modern/Heavy Drive,Heavy Drive,Modern,data/styles/Jamcussion/Modern/Heavy Drive.jxs,,
Modern/Light & Funky,Light & Funky,Modern,data/styles/Jamcussion/Modern/Light & Funky.jxs,http://en.wikipedia.org/wiki/Funk,
Modern/Modern,Modern,Modern,data/styles/Jamcussion/Modern/Modern.jxs,,
Modern/Pop,Pop,Modern,data/styles/Jamcussion/Modern/Pop.jxs,,
Modern/Syncopath,Syncopath,Modern,data/styles/Jamcussion/Modern/Syncopath.jxs,,
Udu/Udu 2Bar,Udu 2Bar,Udu,data/styles/Jamcussion/Udu/Udu 2Bar.jxs,,
Udu/Udu,Udu,Udu,data/styles/Jamcussion/Udu/Udu.jxs,,
