id,category,relative_path
fills/2 Snared 2 Tomed,fills,data/fills/2 Snared 2 Tomed.j2d
fills/A bit more,fills,data/fills/A bit more.j2d
fills/A New Beginning,fills,data/fills/A New Beginning.j2d
fills/A snare runs through it,fills,data/fills/A snare runs through it.j2d
fills/acsavetest,fills,data/fills/acsavetest.j2d
fills/Ahead of the curve,fills,data/fills/Ahead of the curve.j2d
fills/All Over,fills,data/fills/All Over.j2d
fills/Almost forgot,fills,data/fills/Almost forgot.j2d
fills/Almost off,fills,data/fills/Almost off.j2d
fills/Another Downbound,fills,data/fills/Another Downbound.j2d
fills/Another thought,fills,data/fills/Another thought.j2d
fills/Anvil,fills,data/fills/Anvil.j2d
fills/Arabian Dance,fills,data/fills/Arabian Dance.j2d
fills/Attention Please,fills,data/fills/Attention Please.j2d
fills/Badaboom,fills,data/fills/Badaboom.j2d
fills/Bare Minimum,fills,data/fills/Bare Minimum.j2d
fills/Bare Snare,fills,data/fills/Bare Snare.j2d
fills/BASIC Snare Fill (Long),fills,data/fills/BASIC Snare Fill (Long).j2d
fills/BASIC Snare Fill,fills,data/fills/BASIC Snare Fill.j2d
fills/BASIC Snare Tom Fill (Long),fills,data/fills/BASIC Snare Tom Fill (Long).j2d
fills/BASIC Snare Tom Fill (Slow),fills,data/fills/BASIC Snare Tom Fill (Slow).j2d
fills/BASIC Snare Tom Fill,fills,data/fills/BASIC Snare Tom Fill.j2d
fills/BASIC Tom Fill (Long),fills,data/fills/BASIC Tom Fill (Long).j2d
fills/BASIC Tom Fill (Slow),fills,data/fills/BASIC Tom Fill (Slow).j2d
fills/BASIC Tom Fill,fills,data/fills/BASIC Tom Fill.j2d
fills/Basic Training,fills,data/fills/Basic Training.j2d
fills/Big Tom Spoke,fills,data/fills/Big Tom Spoke.j2d
fills/Bouncer,fills,data/fills/Bouncer.j2d
fills/Busy Kick,fills,data/fills/Busy Kick.j2d
fills/Busy Two,fills,data/fills/Busy Two.j2d
fills/Buzz Cut,fills,data/fills/Buzz Cut.j2d
fills/Buzz In,fills,data/fills/Buzz In.j2d
fills/Buzzer,fills,data/fills/Buzzer.j2d
fills/Call The Chiefs,fills,data/fills/Call The Chiefs.j2d
fills/Cha Cha Fill,fills,data/fills/Cha Cha Fill.j2d
fills/Chainsaw,fills,data/fills/Chainsaw.j2d
fills/Choking hats,fills,data/fills/Choking hats.j2d
fills/Club Bouncer,fills,data/fills/Club Bouncer.j2d
fills/Cluster Tom,fills,data/fills/Cluster Tom.j2d
fills/Coming up for air,fills,data/fills/Coming up for air.j2d
fills/Confucious,fills,data/fills/Confucious.j2d
fills/Cunundrum,fills,data/fills/Cunundrum.j2d
fills/Cymbal Fest,fills,data/fills/Cymbal Fest.j2d
fills/Cymbal Monster,fills,data/fills/Cymbal Monster.j2d
fills/Delayed,fills,data/fills/Delayed.j2d
fills/Delicate Funk,fills,data/fills/Delicate Funk.j2d
fills/Doppelgaenger,fills,data/fills/Doppelgaenger.j2d
fills/Double Stroker,fills,data/fills/Double Stroker.j2d
fills/Down 16 from 3,fills,data/fills/Down 16 from 3.j2d
fills/Down The Drain,fills,data/fills/Down The Drain.j2d
fills/Downbound,fills,data/fills/Downbound.j2d
fills/Downer,fills,data/fills/Downer.j2d
fills/Drummer Boy,fills,data/fills/Drummer Boy.j2d
fills/Ease into toms,fills,data/fills/Ease into toms.j2d
fills/Easy does it,fills,data/fills/Easy does it.j2d
fills/Easy sophistication,fills,data/fills/Easy sophistication.j2d
fills/Empty Fill,fills,data/fills/Empty Fill.j2d
fills/Fast And Curious,fills,data/fills/Fast And Curious.j2d
fills/Fast Tom Trip,fills,data/fills/Fast Tom Trip.j2d
fills/Fast Trip,fills,data/fills/Fast Trip.j2d
fills/Fastener,fills,data/fills/Fastener.j2d
fills/Feels Odd,fills,data/fills/Feels Odd.j2d
fills/Fill in the air,fills,data/fills/Fill in the air.j2d
fills/Fill The Tank,fills,data/fills/Fill The Tank.j2d
fills/Fillantropist,fills,data/fills/Fillantropist.j2d
fills/FlamAble,fills,data/fills/FlamAble.j2d
fills/Fun Run,fills,data/fills/Fun Run.j2d
fills/Funk Starter,fills,data/fills/Funk Starter.j2d
fills/Funkeroo,fills,data/fills/Funkeroo.j2d
fills/Gentle Takeoff,fills,data/fills/Gentle Takeoff.j2d
fills/Get Busy,fills,data/fills/Get Busy.j2d
fills/Groove Into it,fills,data/fills/Groove Into it.j2d
fills/Groovy fill,fills,data/fills/Groovy fill.j2d
fills/Hard Left Turn,fills,data/fills/Hard Left Turn.j2d
fills/Hard Surface,fills,data/fills/Hard Surface.j2d
fills/Hardball,fills,data/fills/Hardball.j2d
fills/Hats And Snare,fills,data/fills/Hats And Snare.j2d
fills/Hats off!,fills,data/fills/Hats off!.j2d
fills/Heading Out,fills,data/fills/Heading Out.j2d
fills/Hesitation,fills,data/fills/Hesitation.j2d
fills/Hitting straight,fills,data/fills/Hitting straight.j2d
fills/Hold On,fills,data/fills/Hold On.j2d
fills/Intermezzo,fills,data/fills/Intermezzo.j2d
fills/Introducing strength,fills,data/fills/Introducing strength.j2d
fills/Invaluable,fills,data/fills/Invaluable.j2d
fills/Just another intro,fills,data/fills/Just another intro.j2d
fills/Kicker,fills,data/fills/Kicker.j2d
fills/Kicking And Screaming,fills,data/fills/Kicking And Screaming.j2d
fills/Lightning And Thunder,fills,data/fills/Lightning And Thunder.j2d
fills/Little Fillup,fills,data/fills/Little Fillup.j2d
fills/Locofill,fills,data/fills/Locofill.j2d
fills/Long Way Home,fills,data/fills/Long Way Home.j2d
fills/Looking Up,fills,data/fills/Looking Up.j2d
fills/Mad Max Fill,fills,data/fills/Mad Max Fill.j2d
fills/Mad Max,fills,data/fills/Mad Max.j2d
fills/Magic triplets,fills,data/fills/Magic triplets.j2d
fills/Mango Tango,fills,data/fills/Mango Tango.j2d
fills/Minor fill,fills,data/fills/Minor fill.j2d
fills/Mixed,fills,data/fills/Mixed.j2d
fills/More town please,fills,data/fills/More town please.j2d
fills/Motown,fills,data/fills/Motown.j2d
fills/Moving Truck,fills,data/fills/Moving Truck.j2d
fills/Nail On The Head,fills,data/fills/Nail On The Head.j2d
fills/North Of The Highway,fills,data/fills/North Of The Highway.j2d
fills/Not easy,fills,data/fills/Not easy.j2d
fills/Odd Man Hypothesis,fills,data/fills/Odd Man Hypothesis.j2d
fills/Oddity,fills,data/fills/Oddity.j2d
fills/Off we go,fills,data/fills/Off we go.j2d
fills/Old Stand-by,fills,data/fills/Old Stand-by.j2d
fills/On Time,fills,data/fills/On Time.j2d
fills/Out of Bounce,fills,data/fills/Out of Bounce.j2d
fills/Out The Door,fills,data/fills/Out The Door.j2d
fills/Outburst,fills,data/fills/Outburst.j2d
fills/Over the hill and back,fills,data/fills/Over the hill and back.j2d
fills/Quick Chase,fills,data/fills/Quick Chase.j2d
fills/Quick Kick Trick,fills,data/fills/Quick Kick Trick.j2d
fills/Quick Silver,fills,data/fills/Quick Silver.j2d
fills/Quick Snare,fills,data/fills/Quick Snare.j2d
fills/Quick Toms,fills,data/fills/Quick Toms.j2d
fills/Quick With The Stick,fills,data/fills/Quick With The Stick.j2d
fills/Quicksand,fills,data/fills/Quicksand.j2d
fills/Reel fill,fills,data/fills/Reel fill.j2d
fills/Rising Sun,fills,data/fills/Rising Sun.j2d
fills/Roll the hats,fills,data/fills/Roll the hats.j2d
fills/Roll Your Own,fills,data/fills/Roll Your Own.j2d
fills/Rolling Or Bowling,fills,data/fills/Rolling Or Bowling.j2d
fills/Rolling Out,fills,data/fills/Rolling Out.j2d
fills/Rushed,fills,data/fills/Rushed.j2d
fills/savactest,fills,data/fills/savactest.j2d
fills/Shuffled Deck,fills,data/fills/Shuffled Deck.j2d
fills/Simple Snare And Tom,fills,data/fills/Simple Snare And Tom.j2d
fills/Simple Snare,fills,data/fills/Simple Snare.j2d
fills/Single Tom,fills,data/fills/Single Tom.j2d
fills/Skipped,fills,data/fills/Skipped.j2d
fills/Slow And Simple,fills,data/fills/Slow And Simple.j2d
fills/Sly,fills,data/fills/Sly.j2d
fills/Smack,fills,data/fills/Smack.j2d
fills/Small Town,fills,data/fills/Small Town.j2d
fills/Snarathon,fills,data/fills/Snarathon.j2d
fills/Snare and hats rising,fills,data/fills/Snare and hats rising.j2d
fills/Snare and toms rising,fills,data/fills/Snare and toms rising.j2d
fills/Snare guns the toms,fills,data/fills/Snare guns the toms.j2d
fills/Snare it,fills,data/fills/Snare it.j2d
fills/Snare Only,fills,data/fills/Snare Only.j2d
fills/Snare Roll 3 ASC,fills,data/fills/Snare Roll 3 ASC.j2d
fills/Snare Roll 3,fills,data/fills/Snare Roll 3.j2d
fills/Snare Roll Long ASC,fills,data/fills/Snare Roll Long ASC.j2d
fills/Snare Roll Long,fills,data/fills/Snare Roll Long.j2d
fills/Snare runs away,fills,data/fills/Snare runs away.j2d
fills/Snared,fills,data/fills/Snared.j2d
fills/Statement,fills,data/fills/Statement.j2d
fills/STickers,fills,data/fills/STickers.j2d
fills/Stiff and heavy,fills,data/fills/Stiff and heavy.j2d
fills/Stop it cold,fills,data/fills/Stop it cold.j2d
fills/Stop on 3,fills,data/fills/Stop on 3.j2d
fills/Straight Arrow,fills,data/fills/Straight Arrow.j2d
fills/Straight Forward,fills,data/fills/Straight Forward.j2d
fills/Straight Shooter,fills,data/fills/Straight Shooter.j2d
fills/Straight Tom Triplets,fills,data/fills/Straight Tom Triplets.j2d
fills/Stumbling,fills,data/fills/Stumbling.j2d
fills/Sugar And Spice,fills,data/fills/Sugar And Spice.j2d
fills/Sway And Play,fills,data/fills/Sway And Play.j2d
fills/Take a chance,fills,data/fills/Take a chance.j2d
fills/Taking it easy,fills,data/fills/Taking it easy.j2d
fills/Tender Bender,fills,data/fills/Tender Bender.j2d
fills/TESTING,fills,data/fills/TESTING.j2d
fills/The Simple Life,fills,data/fills/The Simple Life.j2d
fills/Thirtysecond Toms,fills,data/fills/Thirtysecond Toms.j2d
fills/Three Round Burst,fills,data/fills/Three Round Burst.j2d
fills/Three Three Two,fills,data/fills/Three Three Two.j2d
fills/Throwing the net,fills,data/fills/Throwing the net.j2d
fills/Tom And Kick,fills,data/fills/Tom And Kick.j2d
fills/Tom The Toms,fills,data/fills/Tom The Toms.j2d
fills/Tom Ti Tom,fills,data/fills/Tom Ti Tom.j2d
fills/Tomachine,fills,data/fills/Tomachine.j2d
fills/Tomas,fills,data/fills/Tomas.j2d
fills/Tomato Soup,fills,data/fills/Tomato Soup.j2d
fills/Toms know best,fills,data/fills/Toms know best.j2d
fills/Toms Only Please,fills,data/fills/Toms Only Please.j2d
fills/Toms Rise,fills,data/fills/Toms Rise.j2d
fills/Toms With Flams (Shuffle),fills,data/fills/Toms With Flams (Shuffle).j2d
fills/Toms With Flams,fills,data/fills/Toms With Flams.j2d
fills/Too Green,fills,data/fills/Too Green.j2d
"fills/Trash, trips and toms",fills,"data/fills/Trash, trips and toms.j2d"
fills/Trauma,fills,data/fills/Trauma.j2d
fills/Trickle down effect,fills,data/fills/Trickle down effect.j2d
fills/Tricky Start,fills,data/fills/Tricky Start.j2d
fills/Tripletto,fills,data/fills/Tripletto.j2d
fills/Trommeltanz,fills,data/fills/Trommeltanz.j2d
fills/Tumble down 4 snare,fills,data/fills/Tumble down 4 snare.j2d
fills/Two toms,fills,data/fills/Two toms.j2d
fills/Universal,fills,data/fills/Universal.j2d
fills/Upper Lip,fills,data/fills/Upper Lip.j2d
fills/Use it All,fills,data/fills/Use it All.j2d
fills/Use the wrist,fills,data/fills/Use the wrist.j2d
fills/Wait A Moment,fills,data/fills/Wait A Moment.j2d
fills/Wake up,fills,data/fills/Wake up.j2d
fills/Walk away,fills,data/fills/Walk away.j2d
fills/Watch Me!,fills,data/fills/Watch Me!.j2d
fills/Welcomed Break,fills,data/fills/Welcomed Break.j2d
fills/What was that,fills,data/fills/What was that.j2d
fills/Where were we,fills,data/fills/Where were we.j2d
fills/Woodfiller,fills,data/fills/Woodfiller.j2d
fills/Work Out,fills,data/fills/Work Out.j2d
